Campaign,Ad Group,Keyword,Criterion Type
RelayMic - Search - Test,Remote Mac Core,remote desktop microphone mac,Exact
RelayMic - Search - Test,Remote Mac Core,remote desktop microphone mac,Phrase
RelayMic - Search - Test,Remote Mac Core,use microphone over remote desktop mac,Exact
RelayMic - Search - Test,Remote Mac Core,use microphone over remote desktop mac,Phrase
RelayMic - Search - Test,Remote Mac Core,microphone passthrough remote desktop,Exact
RelayMic - Search - Test,Remote Mac Core,microphone passthrough remote desktop,Phrase
RelayMic - Search - Test,Remote Mac Core,microphone passthrough remote desktop mac,Exact
RelayMic - Search - Test,Remote Mac Core,microphone passthrough remote desktop mac,Phrase
RelayMic - Search - Test,Remote Mac Core,remote mac microphone,Exact
RelayMic - Search - Test,Remote Mac Core,remote mac microphone,Phrase
RelayMic - Search - Test,Remote Mac Core,how to use microphone remote desktop mac,Exact
RelayMic - Search - Test,Remote Mac Core,how to use microphone remote desktop mac,Phrase
RelayMic - Search - Test,Remote Mac Core,forward microphone remote desktop mac,Exact
RelayMic - Search - Test,Remote Mac Core,forward microphone remote desktop mac,Phrase
RelayMic - Search - Test,Remote Mac Core,send microphone to remote mac,Exact
RelayMic - Search - Test,Remote Mac Core,send microphone to remote mac,Phrase
RelayMic - Search - Test,Remote Support Tools,anydesk microphone not working mac,Exact
RelayMic - Search - Test,Remote Support Tools,anydesk microphone not working mac,Phrase
RelayMic - Search - Test,Remote Support Tools,anydesk microphone mac,Exact
RelayMic - Search - Test,Remote Support Tools,anydesk microphone mac,Phrase
RelayMic - Search - Test,Remote Support Tools,use microphone anydesk mac,Exact
RelayMic - Search - Test,Remote Support Tools,use microphone anydesk mac,Phrase
RelayMic - Search - Test,Remote Support Tools,teamviewer microphone remote mac,Exact
RelayMic - Search - Test,Remote Support Tools,teamviewer microphone remote mac,Phrase
RelayMic - Search - Test,Remote Support Tools,teamviewer microphone transmission,Exact
RelayMic - Search - Test,Remote Support Tools,teamviewer microphone transmission,Phrase
RelayMic - Search - Test,Remote Support Tools,teamviewer microphone mac,Exact
RelayMic - Search - Test,Remote Support Tools,teamviewer microphone mac,Phrase
RelayMic - Search - Test,Remote Support Tools,remote support microphone mac,Exact
RelayMic - Search - Test,Remote Support Tools,remote support microphone mac,Phrase
RelayMic - Search - Test,Dev Streaming Tools,parsec microphone mac,Exact
RelayMic - Search - Test,Dev Streaming Tools,parsec microphone mac,Phrase
RelayMic - Search - Test,Dev Streaming Tools,parsec mic passthrough mac,Exact
RelayMic - Search - Test,Dev Streaming Tools,parsec mic passthrough mac,Phrase
RelayMic - Search - Test,Dev Streaming Tools,rustdesk microphone,Exact
RelayMic - Search - Test,Dev Streaming Tools,rustdesk microphone,Phrase
RelayMic - Search - Test,Dev Streaming Tools,rustdesk microphone mac,Exact
RelayMic - Search - Test,Dev Streaming Tools,rustdesk microphone mac,Phrase
RelayMic - Search - Test,Dev Streaming Tools,jump desktop microphone,Exact
RelayMic - Search - Test,Dev Streaming Tools,jump desktop microphone,Phrase
RelayMic - Search - Test,Dev Streaming Tools,mac screen sharing microphone,Exact
RelayMic - Search - Test,Dev Streaming Tools,mac screen sharing microphone,Phrase
RelayMic - Search - Test,Dev Streaming Tools,cloud mac microphone,Exact
RelayMic - Search - Test,Dev Streaming Tools,cloud mac microphone,Phrase
RelayMic - Search - Test,Voice Tasks,dictation on remote mac,Exact
RelayMic - Search - Test,Voice Tasks,dictation on remote mac,Phrase
RelayMic - Search - Test,Voice Tasks,voice input remote mac,Exact
RelayMic - Search - Test,Voice Tasks,voice input remote mac,Phrase
RelayMic - Search - Test,Voice Tasks,remote mac dictation microphone,Exact
RelayMic - Search - Test,Voice Tasks,remote mac dictation microphone,Phrase
RelayMic - Search - Test,Voice Tasks,use phone as microphone for remote mac,Exact
RelayMic - Search - Test,Voice Tasks,use phone as microphone for remote mac,Phrase
RelayMic - Search - Test,Voice Tasks,browser microphone to mac,Exact
RelayMic - Search - Test,Voice Tasks,browser microphone to mac,Phrase
RelayMic - Search - Test,Voice Tasks,use browser as microphone mac,Exact
RelayMic - Search - Test,Voice Tasks,use browser as microphone mac,Phrase
RelayMic - Search - Test,Voice Tasks,virtual microphone mac remote,Exact
RelayMic - Search - Test,Voice Tasks,virtual microphone mac remote,Phrase
RelayMic - Search - Test,Voice Tasks,record on remote mac,Exact
RelayMic - Search - Test,Voice Tasks,record on remote mac,Phrase
RelayMic - Search - Test,Espanol Mac Remoto,micrófono escritorio remoto mac,Exact
RelayMic - Search - Test,Espanol Mac Remoto,micrófono escritorio remoto mac,Phrase
RelayMic - Search - Test,Espanol Mac Remoto,usar micrófono en escritorio remoto,Exact
RelayMic - Search - Test,Espanol Mac Remoto,usar micrófono en escritorio remoto,Phrase
RelayMic - Search - Test,Espanol Mac Remoto,usar micrófono en escritorio remoto mac,Exact
RelayMic - Search - Test,Espanol Mac Remoto,usar micrófono en escritorio remoto mac,Phrase
RelayMic - Search - Test,Espanol Mac Remoto,micrófono remoto mac,Exact
RelayMic - Search - Test,Espanol Mac Remoto,micrófono remoto mac,Phrase
RelayMic - Search - Test,Espanol Mac Remoto,pasar micrófono por escritorio remoto,Exact
RelayMic - Search - Test,Espanol Mac Remoto,pasar micrófono por escritorio remoto,Phrase
RelayMic - Search - Test,Espanol Mac Remoto,anydesk micrófono no funciona,Exact
RelayMic - Search - Test,Espanol Mac Remoto,anydesk micrófono no funciona,Phrase
RelayMic - Search - Test,Espanol Mac Remoto,anydesk micrófono no funciona mac,Exact
RelayMic - Search - Test,Espanol Mac Remoto,anydesk micrófono no funciona mac,Phrase
RelayMic - Search - Test,Espanol Mac Remoto,teamviewer micrófono mac,Exact
RelayMic - Search - Test,Espanol Mac Remoto,teamviewer micrófono mac,Phrase
RelayMic - Search - Test,Espanol Mac Remoto,micrófono virtual mac,Exact
RelayMic - Search - Test,Espanol Mac Remoto,micrófono virtual mac,Phrase
RelayMic - Search - Test,Espanol Mac Remoto,dictado por voz mac remoto,Exact
RelayMic - Search - Test,Espanol Mac Remoto,dictado por voz mac remoto,Phrase
RelayMic - Search - Test,Espanol Mac Remoto,usar celular como micrófono para mac,Exact
RelayMic - Search - Test,Espanol Mac Remoto,usar celular como micrófono para mac,Phrase
RelayMic - Search - Test,Espanol Mac Remoto,usar móvil como micrófono mac,Exact
RelayMic - Search - Test,Espanol Mac Remoto,usar móvil como micrófono mac,Phrase
